first_name,last_name,company
Shawn,Neal,Clark LLC
William,Kelly,Moore and Sons
John,George,Myers-Weber
Stephen,Stevenson,Johnson LLC
Heather,Lee,Mcdowell PLC
Matthew,Simmons,"Bush, White and Fritz"
Deborah,Carpenter,"Garcia, Byrd and Holland"
Sarah,Brown,Freeman and Sons
Donald,Adams,Prince Inc
Susan,Hensley,"Simmons, Sims and Ware"
Bryan,Booth,Brown-Weeks
Anne,Nelson,Richards-Tate
Charles,Hodge,Bennett-Stevens
Barbara,Wood,Kennedy-Sims
Michael,Smith,Lewis Inc
Bryan,Allen,Wilson-Tucker
Eric,Hines,Watson-Bradley
Roger,Green,"Roberts, Patterson and Gates"
Jacob,Greene,Carter Inc
Michelle,Mendoza,"Wilkins, Johnson and Willis"
Daniel,Smith,Sutton LLC
William,Garcia,Smith-Padilla
Derek,Grimes,"Scott, Davis and Parker"
Tammy,Myers,"Hernandez, Pearson and Clayton"
Judith,Rivera,"Gordon, Matthews and Ray"
William,Myers,Hoffman-Smith
Morgan,Espinoza,"Phillips, Bowen and Byrd"
Timothy,Crawford,"Velasquez, Diaz and Hess"
Jessica,Harris,Newman Inc
Michael,Boyd,Simmons-Foster
Ashlee,Kennedy,Vazquez Group
Shane,Logan,Eaton PLC
Brenda,Doyle,Barnett Inc
Joshua,Smith,"Frost, Bell and Williams"
Jessica,Burnett,"Mack, Bates and Grant"
Joe,Hood,Harper-Lopez
Brittany,Brown,Hansen-White
Jennifer,Hogan,"Johnson, Maxwell and Morris"
Robin,Vasquez,"Foster, Henderson and Holmes"
Eric,Rangel,"Everett, Russell and Moore"
Kyle,Bishop,Ruiz-Flores
Brandon,Peterson,"Martinez, Crawford and Sullivan"
Amanda,Le,Williams-Wilson
Erika,Espinoza,Rodriguez-Ochoa
Andrew,Gross,Zamora Inc
Todd,Deleon,Pace-Douglas
Wendy,Mckee,Riley-Charles
Jessica,Moore,"Lopez, Wilson and Ward"
Jennifer,Ross,Barker LLC
Kristen,Chambers,Summers and Sons
